config,algorithm,run,seed,hv,n_nd,time_s
C1,NSGA-II,0,42,1.105541,9,1.772
C1,NSGA-II,1,43,1.086457,8,1.984
C1,NSGA-II,2,44,1.076569,9,2.059
C1,NSGA-II,3,45,1.067997,8,1.716
C1,NSGA-II,4,46,1.092554,9,1.695
C1,NSGA-II,5,47,1.072485,10,1.570
C1,NSGA-II,6,48,1.085854,9,1.845
C1,NSGA-II,7,49,1.081372,8,1.803
C1,NSGA-II,8,50,1.078283,9,2.005
C1,NSGA-II,9,51,1.069763,9,2.323
C1,SPEA2,0,42,1.109959,10,1.445
C1,SPEA2,1,43,1.087228,9,1.641
C1,SPEA2,2,44,1.077456,10,1.927
C1,SPEA2,3,45,1.090483,10,1.589
C1,SPEA2,4,46,1.090209,8,1.874
C1,SPEA2,5,47,1.070188,9,1.597
C1,SPEA2,6,48,1.084701,10,1.546
C1,SPEA2,7,49,1.037176,9,1.614
C1,SPEA2,8,50,1.096631,11,1.614
C1,SPEA2,9,51,1.056255,9,1.565
C2,NSGA-II,0,42,1.083808,10,2.403
C2,NSGA-II,1,43,1.069623,8,2.713
C2,NSGA-II,2,44,1.090673,10,2.424
C2,NSGA-II,3,45,1.083807,11,2.254
C2,NSGA-II,4,46,1.088636,9,2.479
C2,NSGA-II,5,47,1.104822,9,2.447
C2,NSGA-II,6,48,1.103749,9,2.451
C2,NSGA-II,7,49,1.098084,9,2.415
C2,NSGA-II,8,50,1.105087,9,2.454
C2,NSGA-II,9,51,1.117027,10,2.541
C2,SPEA2,0,42,1.098979,11,2.003
C2,SPEA2,1,43,1.079831,8,2.048
C2,SPEA2,2,44,1.089002,9,2.182
C2,SPEA2,3,45,1.092436,10,2.011
C2,SPEA2,4,46,1.087733,8,2.732
C2,SPEA2,5,47,1.095868,8,2.223
C2,SPEA2,6,48,1.070730,10,2.199
C2,SPEA2,7,49,1.081310,9,2.077
C2,SPEA2,8,50,1.097839,10,2.543
C2,SPEA2,9,51,1.122314,9,2.309
C3,NSGA-II,0,42,1.075612,9,2.319
C3,NSGA-II,1,43,1.043712,10,2.254
C3,NSGA-II,2,44,1.028715,8,2.323
C3,NSGA-II,3,45,1.048310,11,2.385
C3,NSGA-II,4,46,1.072606,10,2.322
C3,NSGA-II,5,47,1.025634,11,2.223
C3,NSGA-II,6,48,1.029637,11,2.091
C3,NSGA-II,7,49,1.065502,11,2.177
C3,NSGA-II,8,50,1.057604,9,2.326
C3,NSGA-II,9,51,1.036556,11,2.244
C3,SPEA2,0,42,1.062816,10,1.814
C3,SPEA2,1,43,1.047571,10,1.817
C3,SPEA2,2,44,1.034284,9,1.922
C3,SPEA2,3,45,1.040616,9,1.884
C3,SPEA2,4,46,1.077574,9,1.976
C3,SPEA2,5,47,1.034328,9,1.832
C3,SPEA2,6,48,1.049469,9,1.867
C3,SPEA2,7,49,1.008454,8,1.852
C3,SPEA2,8,50,1.050090,12,1.875
C3,SPEA2,9,51,1.024806,11,1.944
