instance,config,algorithm,run,seed,hv,n_nd,time_s,n_evals,best_f1_plus_f2
cap101,A,nsga2,0,4610,1.0086778433142136,17,1.2739784580044216,2000,801660.875
cap101,A,nsga2,1,4611,1.0098029615098612,17,1.2602697089896537,2000,806171.225
cap101,A,nsga2,2,4612,1.006949664213176,17,1.2575570829940261,2000,806576.7124999999
cap101,A,nsga2,3,4613,1.0089171383653737,17,1.2569542090059258,2000,803101.475
cap101,A,nsga2,4,4614,1.0120398979625944,17,1.2548734580050223,2000,799318.9750000001
cap101,A,nsga2,5,4615,1.0121782718324372,17,1.2490997499990044,2000,802257.375
cap101,A,nsga2,6,4616,1.0141815212774543,17,1.2505324999947334,2000,802810.3
cap101,A,nsga2,7,4617,1.0125483777004936,18,1.2806273750029504,2000,800602.325
cap101,A,nsga2,8,4618,1.0091745080326888,16,1.256372415999067,2000,801582.025
cap101,A,nsga2,9,4619,1.0045716336949586,17,1.267361999998684,2000,804278.475
cap101,A,spea2,0,4610,1.0186485447442815,20,1.2607830409979215,2000,798591.125
cap101,A,spea2,1,4611,1.0166708313980786,20,1.2541929170110961,2000,799144.6875
cap101,A,spea2,2,4612,1.018525128978531,20,1.2832223340083146,2000,799718.1875
cap101,A,spea2,3,4613,1.0199606150285425,20,1.2592094999999972,2000,797508.725
cap101,A,spea2,4,4614,1.0200067653503297,20,1.2625513749953825,2000,796648.4375
cap101,A,spea2,5,4615,1.0197227379405478,20,1.2447492920036893,2000,797601.5875
cap101,A,spea2,6,4616,1.0183590253713837,20,1.249888332997216,2000,799593.4875
cap101,A,spea2,7,4617,1.0161993097835718,20,1.252347917004954,2000,800130.3125
cap101,A,spea2,8,4618,1.0183003789323435,20,1.2707004589901771,2000,800486.8
cap101,A,spea2,9,4619,1.0191410933312413,20,1.280843417000142,2000,800193.8125
cap101,B,nsga2,0,4610,1.0243075035722673,25,6.315843417003634,10000,796648.4375
cap101,B,nsga2,1,4611,1.0241478607794081,25,6.321359833003953,10000,796648.4375
cap101,B,nsga2,2,4612,1.0243075035722673,25,6.422349625005154,10000,796648.4375
cap101,B,nsga2,3,4613,1.0242192921379634,25,6.374518124997849,10000,796648.4375
cap101,B,nsga2,4,4614,1.0243075035722673,25,6.511845832996187,10000,796648.4375
cap101,B,nsga2,5,4615,1.0240958658830266,25,6.363135749998037,10000,797508.725
cap101,B,nsga2,6,4616,1.0241664117794402,25,6.3063302080117865,10000,796648.4375
cap101,B,nsga2,7,4617,1.0242369576758537,25,6.315727083012462,10000,797508.725
cap101,B,nsga2,8,4618,1.024105348981521,25,6.249243250000291,10000,796648.4375
cap101,B,nsga2,9,4619,1.0235792780041346,24,6.322719707997749,10000,796648.4375
cap101,B,spea2,0,4610,1.0242699129509425,25,6.349216374990647,10000,796648.4375
cap101,B,spea2,1,4611,1.0238088633903764,25,6.4364169589971425,10000,796648.4375
cap101,B,spea2,2,4612,1.0241497593221245,25,6.571139791994938,10000,797508.725
cap101,B,spea2,3,4613,1.0238088633903764,25,6.485157708011684,10000,796648.4375
cap101,B,spea2,4,4614,1.0242575164809593,25,6.4768909590056865,10000,796648.4375
cap101,B,spea2,5,4615,1.0239861376312704,25,6.356655833005789,10000,796648.4375
cap101,B,spea2,6,4616,1.0239091950794248,25,6.414094291991205,10000,796648.4375
cap101,B,spea2,7,4617,1.024256135404766,25,6.3881109159992775,10000,796648.4375
cap101,B,spea2,8,4618,1.0241856209759113,25,6.399397125001997,10000,797508.725
cap101,B,spea2,9,4619,1.0241634118721645,25,6.375031499992474,10000,796648.4375
cap101,C,nsga2,0,4610,1.024267954095405,25,12.760764249993372,20000,796648.4375
cap101,C,nsga2,1,4611,1.0243075035722673,25,12.768688416996156,20000,796648.4375
cap101,C,nsga2,2,4612,1.0242356080672192,25,12.813150665999274,20000,797508.725
cap101,C,nsga2,3,4613,1.0243075035722673,25,12.749074042003485,20000,796648.4375
cap101,C,nsga2,4,4614,1.0243075035722673,25,12.70785095798783,20000,796648.4375
cap101,C,nsga2,5,4615,1.0243075035722673,25,12.703546332995757,20000,796648.4375
cap101,C,nsga2,6,4616,1.024267954095405,25,12.717637875000946,20000,796648.4375
cap101,C,nsga2,7,4617,1.0243075035722673,25,12.737982666993048,20000,796648.4375
cap101,C,nsga2,8,4618,1.0243075035722673,25,12.780564166998374,20000,796648.4375
cap101,C,nsga2,9,4619,1.0242284046185426,25,12.797363417004817,20000,796648.4375
cap101,C,spea2,0,4610,1.0242575164809593,25,12.959119334002025,20000,796648.4375
cap101,C,spea2,1,4611,1.024267954095405,25,12.981458958005533,20000,796648.4375
cap101,C,spea2,2,4612,1.023784581798241,25,13.018309582999791,20000,796648.4375
cap101,C,spea2,3,4613,1.0241483205554067,25,13.04932791700412,20000,797508.725
cap101,C,spea2,4,4614,1.0240609045510622,25,13.048985084009473,20000,796648.4375
cap101,C,spea2,5,4615,1.024267954095405,25,13.02714437499526,20000,796648.4375
cap101,C,spea2,6,4616,1.0243017257788256,25,13.03797316699638,20000,796648.4375
cap101,C,spea2,7,4617,1.0243075035722673,25,12.938146291999146,20000,796648.4375
cap101,C,spea2,8,4618,1.0243075035722673,25,13.00520562499878,20000,796648.4375
cap101,C,spea2,9,4619,1.0240296721248197,25,13.024334250003449,20000,796648.4375
cap121,A,nsga2,0,4610,1.1426645211011843,18,1.6447347500070464,2000,813157.5
cap121,A,nsga2,1,4611,1.1332795416358827,17,1.6349333749967627,2000,815106.5375000001
cap121,A,nsga2,2,4612,1.1313076691083732,18,1.6621843750035623,2000,812219.975
cap121,A,nsga2,3,4613,1.126040093517713,19,1.3727445410040673,2000,811852.425
cap121,A,nsga2,4,4614,1.1326315283863695,19,1.7081551659939578,2000,816874.1125
cap121,A,nsga2,5,4615,1.1262678045732102,20,1.6150621669949032,2000,821842.5
cap121,A,nsga2,6,4616,1.1397424417898399,18,1.770856332994299,2000,806216.5375
cap121,A,nsga2,7,4617,1.139630324478128,19,1.6923895000072662,2000,815862.3875
cap121,A,nsga2,8,4618,1.1376217023983477,18,1.5696857080038171,2000,817266.9750000001
cap121,A,nsga2,9,4619,1.1386469168719682,18,1.7342432909936178,2000,811115.45
cap121,A,spea2,0,4610,1.1360741506104295,20,1.5978697090031346,2000,809148.6500000001
cap121,A,spea2,1,4611,1.1342424742917379,20,1.6642694999900414,2000,820060.625
cap121,A,spea2,2,4612,1.140963831008484,20,1.527024374998291,2000,813273.9625
cap121,A,spea2,3,4613,1.144630954600025,20,1.4501734160003252,2000,798174.1875
cap121,A,spea2,4,4614,1.1336128762398086,20,1.4715946250071283,2000,810662.3500000001
cap121,A,spea2,5,4615,1.1381183781735196,20,1.6426220830035163,2000,813404.3500000001
cap121,A,spea2,6,4616,1.1382127903550794,20,1.611813916999381,2000,803295.2875
cap121,A,spea2,7,4617,1.1390054970678687,20,1.53397187498922,2000,806308.6125
cap121,A,spea2,8,4618,1.1355725203282319,20,1.6263362910103751,2000,815510.0874999999
cap121,A,spea2,9,4619,1.1451304197497945,20,1.5726997919991845,2000,811462.45
cap121,B,nsga2,0,4610,1.1515220379518187,44,7.12359970799298,10000,796986.5750000001
cap121,B,nsga2,1,4611,1.151628178300118,45,7.355156582998461,10000,802881.2750000001
cap121,B,nsga2,2,4612,1.154540083031977,44,7.36326487500628,10000,795382.25
cap121,B,nsga2,3,4613,1.1516389255837574,45,7.078275207997649,10000,793439.5625
cap121,B,nsga2,4,4614,1.154947116035061,42,7.376283749996219,10000,794299.85
cap121,B,nsga2,5,4615,1.1538447708482509,42,7.261120458992082,10000,799283.925
cap121,B,nsga2,6,4616,1.1518387109364907,44,7.250480165996123,10000,797086.7125
cap121,B,nsga2,7,4617,1.155413732342514,44,7.281025541989948,10000,795382.25
cap121,B,nsga2,8,4618,1.1545818872207465,42,7.4591220839938615,10000,795110.5
cap121,B,nsga2,9,4619,1.153168092175432,43,7.4751533750095405,10000,794810.625
cap121,B,spea2,0,4610,1.15476545792062,47,7.3932715419941815,10000,795168.1875
cap121,B,spea2,1,4611,1.1561004707861189,45,7.047409416991286,10000,794299.85
cap121,B,spea2,2,4612,1.154270501972271,47,7.24145541699545,10000,799338.0
cap121,B,spea2,3,4613,1.1508068627379788,45,7.279972082993481,10000,797635.2875
cap121,B,spea2,4,4614,1.1541859863220625,47,7.204595832998166,10000,797365.4
cap121,B,spea2,5,4615,1.1546998863487627,46,7.14354441598698,10000,797759.9375
cap121,B,spea2,6,4616,1.153035289475444,45,7.340768875001231,10000,795117.0625
cap121,B,spea2,7,4617,1.1554716329467187,44,7.108829916003742,10000,796300.7
cap121,B,spea2,8,4618,1.1537434534296713,47,7.317744790998404,10000,794448.4
cap121,B,spea2,9,4619,1.1536774773754608,43,7.051821834000293,10000,800717.7625000001
cap121,C,nsga2,0,4610,1.148553895011441,45,14.354246417002287,20000,802939.025
cap121,C,nsga2,1,4611,1.148671319024482,44,13.945337915996788,20000,798453.6875
cap121,C,nsga2,2,4612,1.1480615317681901,44,13.831467875003,20000,803213.0375000001
cap121,C,nsga2,3,4613,1.14842661780827,46,14.163393124996219,20000,802905.0125
cap121,C,nsga2,4,4614,1.1459248706119216,44,14.078250582999317,20000,801430.275
cap121,C,nsga2,5,4615,1.1492922719223857,46,13.968881583001348,20000,800602.4875
cap121,C,nsga2,6,4616,1.1424156395732432,44,14.255549459005124,20000,801035.7375
cap121,C,nsga2,7,4617,1.1465427316038566,44,14.158297208006843,20000,803595.8625
cap121,C,nsga2,8,4618,1.149540994550372,45,14.072121207995224,20000,798821.4625
cap121,C,nsga2,9,4619,1.152253206237192,47,13.90550441700907,20000,796126.2875
cap121,C,spea2,0,4610,1.1494232505408941,45,14.255105916003231,20000,800214.4375
cap121,C,spea2,1,4611,1.15031257099787,46,14.23745100000815,20000,803059.775
cap121,C,spea2,2,4612,1.1497241449636146,45,14.284135750000132,20000,804822.3374999999
cap121,C,spea2,3,4613,1.1517091477383503,42,14.309121334008523,20000,794299.85
cap121,C,spea2,4,4614,1.1469088569760766,46,14.423289166996256,20000,795883.2375
cap121,C,spea2,5,4615,1.1468711937758513,46,14.263045917003183,20000,804516.8
cap121,C,spea2,6,4616,1.1485298660809555,45,14.534124541998608,20000,796642.8
cap121,C,spea2,7,4617,1.1457709511472456,45,14.469617791008204,20000,802278.5375
cap121,C,spea2,8,4618,1.1462228677623676,45,14.488952875006362,20000,804203.7875
cap121,C,spea2,9,4619,1.1482572160448765,43,14.670554458003608,20000,796005.3625
cap41,A,nsga2,0,4610,0.7634447337441704,5,1.6623430410108995,2000,1101459.325
cap41,A,nsga2,1,4611,0.7634447337441704,5,1.6267326670058537,2000,1101459.325
cap41,A,nsga2,2,4612,0.7634447337441704,5,1.654900458001066,2000,1101459.325
cap41,A,nsga2,3,4613,0.7634447337441704,5,1.9090314170025522,2000,1101459.325
cap41,A,nsga2,4,4614,0.7634447337441704,5,1.6867839589976938,2000,1101459.325
cap41,A,nsga2,5,4615,0.7634447337441704,5,1.8348341660021106,2000,1101459.325
cap41,A,nsga2,6,4616,0.7634447337441704,5,1.6542793330008863,2000,1101459.325
cap41,A,nsga2,7,4617,0.7634447337441704,5,1.7527702910010703,2000,1101459.325
cap41,A,nsga2,8,4618,0.7634447337441704,5,1.6401712910010247,2000,1101459.325
cap41,A,nsga2,9,4619,0.7634447337441704,5,1.7095137089927448,2000,1101459.325
cap41,A,spea2,0,4610,0.7634447337441704,5,1.597246167002595,2000,1101459.325
cap41,A,spea2,1,4611,0.7634447337441704,5,1.6932065409928327,2000,1101459.325
cap41,A,spea2,2,4612,0.7634447337441704,5,1.6630477080034325,2000,1101459.325
cap41,A,spea2,3,4613,0.7634447337441704,5,1.6877714580041356,2000,1101459.325
cap41,A,spea2,4,4614,0.7634447337441704,5,1.8951812919985969,2000,1101459.325
cap41,A,spea2,5,4615,0.7634447337441704,5,1.7064749170094728,2000,1101459.325
cap41,A,spea2,6,4616,0.7634447337441704,5,1.656544750003377,2000,1101459.325
cap41,A,spea2,7,4617,0.7634447337441704,5,1.6473470409982838,2000,1101459.325
cap41,A,spea2,8,4618,0.7634447337441704,5,1.655065208004089,2000,1101459.325
cap41,A,spea2,9,4619,0.7634447337441704,5,1.8955197920004139,2000,1101459.325
cap41,B,nsga2,0,4610,0.7634447337441704,5,8.429689999989932,10000,1101459.325
cap41,B,nsga2,1,4611,0.7634447337441704,5,8.449748500002897,10000,1101459.325
cap41,B,nsga2,2,4612,0.7634447337441704,5,8.168126542004757,10000,1101459.325
cap41,B,nsga2,3,4613,0.7634447337441704,5,8.371527791998233,10000,1101459.325
cap41,B,nsga2,4,4614,0.7634447337441704,5,8.038338333004504,10000,1101459.325
cap41,B,nsga2,5,4615,0.7634447337441704,5,8.036477708010352,10000,1101459.325
cap41,B,nsga2,6,4616,0.7634447337441704,5,8.007721332993242,10000,1101459.325
cap41,B,nsga2,7,4617,0.7634447337441704,5,8.060328667008434,10000,1101459.325
cap41,B,nsga2,8,4618,0.7634447337441704,5,8.063101124993409,10000,1101459.325
cap41,B,nsga2,9,4619,0.7634447337441704,5,8.01493233400106,10000,1101459.325
cap41,B,spea2,0,4610,0.7634447337441704,5,8.665808833000483,10000,1101459.325
cap41,B,spea2,1,4611,0.7634447337441704,5,8.68022258298879,10000,1101459.325
cap41,B,spea2,2,4612,0.7634447337441704,5,8.728642959002173,10000,1101459.325
cap41,B,spea2,3,4613,0.7634447337441704,5,8.396783207994304,10000,1101459.325
cap41,B,spea2,4,4614,0.7634447337441704,5,8.332119040991529,10000,1101459.325
cap41,B,spea2,5,4615,0.7634447337441704,5,8.381292791993474,10000,1101459.325
cap41,B,spea2,6,4616,0.7634447337441704,5,8.44321262500307,10000,1101459.325
cap41,B,spea2,7,4617,0.7634447337441704,5,8.424897249991773,10000,1101459.325
cap41,B,spea2,8,4618,0.7634447337441704,5,8.38413458300056,10000,1101459.325
cap41,B,spea2,9,4619,0.7634447337441704,5,8.30531237499963,10000,1101459.325
cap41,C,nsga2,0,4610,0.7634447337441704,5,19.25339954199444,20000,1101459.325
cap41,C,nsga2,1,4611,0.7634447337441704,5,19.255649291997543,20000,1101459.325
cap41,C,nsga2,2,4612,0.7634447337441704,5,19.24761191700236,20000,1101459.325
cap41,C,nsga2,3,4613,0.7634447337441704,5,19.256002584006637,20000,1101459.325
cap41,C,nsga2,4,4614,0.7634447337441704,5,19.120194957999047,20000,1101459.325
cap41,C,nsga2,5,4615,0.7634447337441704,5,19.449140625001746,20000,1101459.325
cap41,C,nsga2,6,4616,0.7634447337441704,5,19.766666166993673,20000,1101459.325
cap41,C,nsga2,7,4617,0.7634447337441704,5,19.2044757919939,20000,1101459.325
cap41,C,nsga2,8,4618,0.7634447337441704,5,19.2572512080078,20000,1101459.325
cap41,C,nsga2,9,4619,0.7634447337441704,5,19.278118457994424,20000,1101459.325
cap41,C,spea2,0,4610,0.7634447337441704,5,20.180379333003657,20000,1101459.325
cap41,C,spea2,1,4611,0.7634447337441704,5,19.927828875006526,20000,1101459.325
cap41,C,spea2,2,4612,0.7634447337441704,5,19.967446959009976,20000,1101459.325
cap41,C,spea2,3,4613,0.7634447337441704,5,20.11921537500166,20000,1101459.325
cap41,C,spea2,4,4614,0.7634447337441704,5,19.921753916991292,20000,1101459.325
cap41,C,spea2,5,4615,0.7634447337441704,5,20.023820332993637,20000,1101459.325
cap41,C,spea2,6,4616,0.7634447337441704,5,20.107327707999502,20000,1101459.325
cap41,C,spea2,7,4617,0.7634447337441704,5,20.01489858298737,20000,1101459.325
cap41,C,spea2,8,4618,0.7634447337441704,5,20.035094624996418,20000,1101459.325
cap41,C,spea2,9,4619,0.7634447337441704,5,20.023235833010403,20000,1101459.325
