instance,config,algorithm,runs,hv_mean,hv_std,hv_best,hv_worst,n_nd_mean,n_nd_std,time_mean_s
cap101,A,nsga2,10,1.0099041817903252,0.002890717857964683,1.0141815212774543,1.0045716336949586,17.0,0.4714045207910317,1.260762695799349
cap101,A,spea2,10,1.0185534430858851,0.0012911114010069748,1.0200067653503297,1.0161993097835718,20.0,0.0,1.2618488585008891
cap101,B,nsga2,10,1.0241473525958151,0.0002154160861424777,1.0243075035722673,1.0235792780041346,24.9,0.31622776601683794,6.35030728320271
cap101,B,spea2,10,1.0240795416498316,0.00018457003826234834,1.0242699129509425,1.0238088633903764,25.0,0.0,6.425211145899084
cap101,C,nsga2,10,1.0242844942310174,3.207566145357041e-05,1.0243075035722673,1.0242284046185426,25.0,0.0,12.753662279197306
cap101,C,spea2,10,1.0241733636624661,0.00017078676291316664,1.0243075035722673,1.023784581798241,25.0,0.0,13.009000458501395
cap121,A,nsga2,10,1.1347832543861016,0.005784204405695935,1.1426645211011843,1.126040093517713,18.4,0.8432740427115678,1.64049892059993
cap121,A,spea2,10,1.1385563892424977,0.004007475990298172,1.1451304197497945,1.1336128762398086,20.0,0.0,1.5698375583000597
cap121,B,nsga2,10,1.1533123534426166,0.0015465091903270204,1.155413732342514,1.1515220379518187,43.5,1.1785113019775793,7.302348174997315
cap121,B,spea2,10,1.1540757019315107,0.001452986623157329,1.1561004707861189,1.1508068627379788,45.6,1.429840705968481,7.212941412396321
cap121,C,nsga2,10,1.1479683078111356,0.0025966320629734053,1.152253206237192,1.1424156395732432,44.9,1.1005049346146119,14.073304979101522
cap121,C,spea2,10,1.1483730066028104,0.0019336583862154682,1.1517091477383503,1.1457709511472456,44.8,1.3165611772087666,14.393539875003626
cap41,A,nsga2,10,0.7634447337441703,1.1702778228589004e-16,0.7634447337441704,0.7634447337441704,5.0,0.0,1.7131360332015901
cap41,A,spea2,10,0.7634447337441703,1.1702778228589004e-16,0.7634447337441704,0.7634447337441704,5.0,0.0,1.709740487401723
cap41,B,nsga2,10,0.7634447337441703,1.1702778228589004e-16,0.7634447337441704,0.7634447337441704,5.0,0.0,8.163999233400682
cap41,B,spea2,10,0.7634447337441703,1.1702778228589004e-16,0.7634447337441704,0.7634447337441704,5.0,0.0,8.47424262489658
cap41,C,nsga2,10,0.7634447337441703,1.1702778228589004e-16,0.7634447337441704,0.7634447337441704,5.0,0.0,19.308851054299158
cap41,C,spea2,10,0.7634447337441703,1.1702778228589004e-16,0.7634447337441704,0.7634447337441704,5.0,0.0,20.032100154100043
